insert into roadmap(id, name, description) values
(1, 'frontend', 'frontend'),
(2, 'backend', 'backend'),
(3, 'devops', 'devops');

insert into skill(id, name, category, icon) values
(1,'INTERNET', 'BASIC', 'flip_to_front'),
(2,'BASIC SKILLS', 'BASIC', 'flip_to_front'),
(3,'BASIC TOOLS', 'BASIC', 'flip_to_front'),
(4,'CSS FRAMEWORK', 'BEGINNER', 'flip_to_front'),
(5,'CSS PREPROCESSORS', 'CONFIRMED', 'view_quilt'),
(6,'CSS ARCHITECTURE', 'EXPERT', 'developer_board'),
(7,'CSS SKILLS', 'BEGINNER', 'devices'),
(8,'CSS MASTERY', 'EXPERT', 'widgets'),
(9,'BASIC DOM', 'BEGINNER', 'hdr_strong'),
(10,'WEB DRAWING', 'EXPERT', 'gradient'),
(11,'JAVASCRIPT SKILLS', 'BEGINNER', 'format_quote'),
(12,'JAVASCRIPT FRAMEWORK', 'BEGINNER', 'developer_mode'),
(13,'JAVASCRIPT PREPROCESSORS', 'CONFIRMED', 'nfc'),
(14,'TASK RUNNERS', 'CONFIRMED', 'import_contacts'),
(15,'BUILD TOOLS', 'EXPERT', 'table_chart'),
(16,'PACKAGE MANAGERS', 'CONFIRMED', 'device_hub'),
(17,'OPERATING SYSTEM', 'BASIC', 'flip_to_front'),
(18,'HOSTING SERVICES', 'BEGINNER', 'devices'),
(19,'DATABASE MASTERY', 'CONFIRMED', 'devices'),
(20,'RELATIONAL DATABASES', 'BEGINNER', 'devices'),
(21,'NOSQL DATABASES', 'EXPERT', 'devices'),
(22,'API', 'BEGINNER', 'devices'),
(23,'UNIT TESTING', 'BEGINNER', 'devices'),
(24,'DESIGN PRINCIPLES', 'CONFIRMED', 'devices'),
(25,'ARCHITECTURAL PATTERNS', 'EXPERT', 'devices'),
(26,'SEARCH ENGINES', 'EXPERT', 'devices'),
(27,'MESSAGE BROKERS', 'EXPERT', 'devices'),
(28,'SCALING', 'EXPERT', 'devices'),
(39,'SECURITY', 'CONFIRMED', 'devices'),
(40,'SECURITY MASTERY', 'EXPERT', 'devices'),
(41,'SERVER SIDE RENDERING', 'EXPERT', 'devices'),
(42,'STATIC SITE GENERATOR', 'EXPERT', 'devices'),
(43,'CACHING', 'EXPERT', 'devices'),
(44,'JAVA FRAMEWORK', 'BEGINNER', 'devices'),
(45,'LOGGING', 'BEGINNER', 'devices'),
(46,'CONTINUOUS INTEGRATION', 'EXPERT', 'devices'),
(47,'CONTINUOUS DEPLOYMENT', 'EXPERT', 'devices'),
(48,'SCRIPTING', 'CONFIRMED', 'devices'),
(49,'INTEGRATION TESTING', 'CONFIRMED', 'devices'),
(50,'FUNCTIONAL TESTING', 'CONFIRMED', 'devices'),
(51,'WEB APPLICATIONS', 'BEGINNER', 'devices'),
(52,'DATABASE SKILLS', 'BEGINNER', 'devices'),
(54,'CERTIFICATIONS I', 'BASIC', 'devices'),
(55,'CERTIFICATIONS II', 'BEGINNER', 'devices'),
(56,'OTHER LANGAGES', 'CONFIRMED', 'devices');

insert into task(id, name, description) values
(1,'Basics of HTTP', ''),
(2,'DNS', ''),
(3,'Learn HTML', ''),
(4,'Basics of CSS', ''),
(5,'Basics of JavaScript', ''),
(6,'Git - Version Control', ''),
(7,'Basic Terminal Usage', ''),
(8,'Text Editor', ''),
(9,'Heart of Researching', ''),
(10,'Bootstrap', ''),
(11,'UIKit', ''),
(12,'Foundation', ''),
(13,'Semantic UI', ''),
(14,'Sass', ''),
(15,'PostCSS', ''),
(16,'Less', ''),
(17,'Stylus', ''),
(18,'OOCSS', ''),
(19,'SMACSS', ''),
(20,'BEM', ''),
(21,'Responsive', ''),
(22,'Flexbox', ''),
(23,'Grid Layout', ''),
(24,'Animation', ''),
(25,'Transform 2D, 3D', ''),
(26,'jQuery', ''),
(27,'SVG', ''),
(28,'Canvas', ''),
(29,'D3.js', ''),
(30,'ES6', ''),
(31,'Vue.js', ''),
(32,'Angular', ''),
(33,'React.js', ''),
(34,'TypeScript', ''),
(35,'Babel', ''),
(36,'CoffeeScript', ''),
(37,'NPM', ''),
(38,'YARN', ''),
(39,'Bower', ''),
(40,'npm scripts', ''),
(41,'gulp', ''),
(42,'grunt', ''),
(43,'Webpack', ''),
(44,'Parcel', ''),
(46,'Learn Java', ''),
(47,'Java EE', ''),
(48,'Spring', ''),
(49,'Quarkus', ''),
(50,'Micronaut', ''),
(51,'MySQL', ''),
(52,'MariaDB', ''),
(53,'PostgreSQL', ''),
(54,'Oracle', ''),
(55,'MS SQL', ''),
(56,'JPA', ''),
(57,'ORM', ''),
(58,'Transactions', ''),
(59,'MongoDB', ''),
(60,'DynamoDB', ''),
(61,'CouchDB', ''),
(62,'Neo4j', ''),
(63,'REST', ''),
(64,'SOAP', ''),
(65,'OCA', ''),
(66,'OCP', ''),
(67,'ACID', ''),
(68,'Jenkins', ''),
(69,'Gitlab CI', ''),
(70,'Ansible', ''),
(71,'Kubernetes', ''),
(72,'Python', ''),
(73,'Bash', ''),
(74,'GOF Design Patterns', ''),
(75,'Domain Driven Design', ''),
(76,'Test Driven Development', ''),
(77,'SOLID', ''),
(81,'Elasticsearch', ''),
(82,'ActiveMQ', ''),
(83,'RabbitMQ', ''),
(84,'Kafka', ''),
(85,'Docker', ''),
(86,'Docker Compose', ''),
(87,'JAX-RS', ''),
(88,'Spring MVC', ''),
(89,'Spring Data', ''),
(90,'Spring Security', ''),
(91,'Jest', ''),
(92,'Mocha', ''),
(93,'Jasmine', ''),
(94,'Cypress', ''),
(95,'Enzyme', ''),
(96,'Cucumber', ''),
(97,'Monolithic Apps', ''),
(98,'Microservices', ''),
(99,'SOA', ''),
(100,'Serverless', ''),
(101,'OWASP', ''),
(102,'CORS', ''),
(103,'OAuth 2.0', ''),
(104,'Mockito', ''),
(105,'Selenium', ''),
(106,'Kotlin', ''),
(107,'Scala', ''),
(108,'Groovy', ''),
(109,'JUnit', ''),
(110,'ZeroMQ', '');

insert into roadmap_item(roadmap_id, skill_id, task_id, required) values
(1, 1, 1, true),
(1, 1, 2, true),
(1, 2, 3, true),
(1, 2, 4, true),
(1, 2, 5, true),
(1, 3, 6, true),
(1, 3, 7, true),
(1, 3, 8, true),
(1, 3, 9, true),
(1, 4, 10, true),
(1, 4, 11, false),
(1, 4, 12, false),
(1, 4, 13, false),
(1, 5, 14, true),
(1, 5, 15, true),
(1, 5, 16, false),
(1, 5, 17, false),
(1, 6, 18, false),
(1, 6, 19, false),
(1, 6, 20, true),
(1, 7, 21, true),
(1, 7, 22, true),
(1, 8, 23, false),
(1, 8, 24, false),
(1, 8, 25, false),
(1, 9, 26, true),
(1, 10, 27, true),
(1, 10, 28, true),
(1, 10, 29, false),
(1, 11, 30, true),
(1, 12, 31, true),
(1, 12, 32, true),
(1, 12, 33, true),
(1, 13, 34, false),
(1, 13, 35, false),
(1, 13, 36, false),
(1, 16, 37, true),
(1, 16, 38, true),
(1, 16, 39, false),
(1, 14, 40, true),
(1, 14, 41, true),
(1, 14, 42, false),
(1, 15, 43, true),
(1, 15, 44, false),
(2, 1, 1, true),
(2, 1, 2, true),
(2, 2, 3, true),
(2, 2, 4, true),
(2, 2, 5, true),
(2, 2, 46, true),
(2, 3, 6, true),
(2, 3, 7, true),
(2, 3, 8, true),
(2, 3, 9, true),
(2, 51, 47, true),
(2, 44, 48, true),
(2, 44, 49, false),
(2, 44, 50, false),
(2, 20, 51, true),
(2, 20, 52, false),
(2, 20, 53, false),
(2, 20, 54, false),
(2, 20, 55, false),
(2, 52, 56, true),
(2, 52, 57, true),
(2, 52, 67, true),
(2, 52, 58, false),
(2, 21, 59, true),
(2, 21, 60, false),
(2, 21, 61, false),
(2, 21, 62, false),
(2, 22, 63, true),
(2, 22, 64, false),
(2, 46, 68, true),
(2, 46, 69, false),
(2, 47, 70, false),
(2, 47, 71, false),
(2, 48, 72, false),
(2, 48, 73, false),
(2, 24, 74, true),
(2, 24, 75, false),
(2, 23, 76, false),
(2, 24, 77, true),
(2, 26, 81, true),
(2, 27, 82, false),
(2, 27, 83, true),
(2, 27, 84, true),
(2, 27, 110, false),
(2, 46, 85, true),
(2, 47, 86, false),
(2, 51, 87, true),
(2, 51, 88, true),
(2, 52, 89, true),
(2, 39, 90, true),
(1, 23, 91, true),
(1, 23, 92, false),
(1, 23, 93, false),
(1, 49, 94, false),
(1, 50, 95, false),
(2, 50, 96, false),
(2, 25, 97, true),
(2, 25, 98, true),
(2, 25, 99, false),
(2, 25, 100, false),
(2, 39, 101, false),
(2, 39, 102, false),
(2, 40, 103, true),
(2, 23, 104, true),
(2, 23, 109, true),
(2, 49, 105, false),
(2, 54, 65, true),
(2, 55, 66, true),
(2, 56, 106, false),
(2, 56, 107, false),
(2, 56, 108, false);
